{"type":"footer","name":"Footer group","sections":{"text-with-icons":{"type":"text-with-icons","blocks":{"icon-1":{"type":"item","settings":{"icon":"picto-jewelry","custom_icon":"shopify:\/\/shop_images\/Pictogram-the-des-bois_4c9d0d1c-e364-4da7-bf07-b4a5bfd0e4e9.png","icon_width":24,"mobile_icon_width":24,"title":"Rare","content":"<p>Matière brute précieuse, unique au monde<\/p>"}},"icon-2":{"type":"item","settings":{"icon":"picto-leaf","icon_width":24,"mobile_icon_width":24,"title":"Authentique","content":"<p>Cuilli à la main dans la forêt boréal<\/p>"}},"icon-4":{"type":"item","settings":{"icon":"picto-tree","custom_icon":"shopify:\/\/shop_images\/Pictogram-sapin-seul-footer_35846b8d-fc9c-4611-9a7a-ff5482c211ce.png","icon_width":24,"mobile_icon_width":24,"title":"Nordique","content":"<p>Saveur fraiche et sans arôme ajouté<\/p>"}},"icon-3":{"type":"item","settings":{"icon":"picto-recycle","custom_icon":"shopify:\/\/shop_images\/Pictogram-recyclage.png","icon_width":24,"mobile_icon_width":24,"title":"Écoresponsable","content":"<p>Approvisionnement à circuit court<\/p>"}}},"block_order":["icon-1","icon-2","icon-4","icon-3"],"settings":{"separate_section_with_border":false,"stack_on_mobile":false,"icon_color":"","text_color":"","text_alignment":"center"}},"1ec0ce35-63ec-41d3-8ce9-63087cb029df":{"type":"newsletter","settings":{"separate_section_with_border":true,"image_size":"sm","image":"shopify:\/\/shop_images\/CAR05887-web.jpg","subheading":"Joins le","title":"Club boréal","content":"<p>Reçoit les offres spéciales avant tout le monde, des recettes et des offres uniques!<\/p>","button_text":"S'inscrire","text_color":"#e1f0df","button_background":"","button_text_color":"","overlay_color":"#000000","overlay_opacity":0}},"footer":{"type":"footer","blocks":{"e272be05-7c53-447d-be33-329daa9c6e4c":{"type":"text","settings":{"title":"Floèm","content":"<p>Nos ingrédients et nos aromates poussent librement sous un ciel boréal. Ils parsèment les territoires sauvages et inspirent la naturalité des grands espaces.<\/p>","enable_follow_on_shop":true}},"links":{"type":"links","settings":{"menu":"footer","show_menu_title":true}},"32b5f96c-a7d1-422f-86f5-4cc7693f8f81":{"type":"links","settings":{"menu":"footer-menu2","show_menu_title":true}},"696cbfb2-3b24-4b03-a168-657dd724fd46":{"type":"newsletter","disabled":true,"settings":{"title":"Infolettre","content":"<p>Recevez les offres spéciales avant tout le monde, des recettes et des offres uniques!<\/p>","button_background":"","button_text_color":""}}},"block_order":["e272be05-7c53-447d-be33-329daa9c6e4c","links","32b5f96c-a7d1-422f-86f5-4cc7693f8f81","696cbfb2-3b24-4b03-a168-657dd724fd46"],"settings":{"separate_section_with_border":false,"show_social_media":true,"show_payment_icons":false,"show_country_selector":true,"show_country_name":false,"show_country_flag":false,"show_locale_selector":true}}},"order":["text-with-icons","1ec0ce35-63ec-41d3-8ce9-63087cb029df","footer"]}