{"type":"header","name":"Header group","sections":{"announcement-bar":{"type":"announcement-bar","blocks":{"message-1":{"type":"message","settings":{"text":"Livraison à 11.99$ ou GRATUITE sur 65$ +"}},"1b4bcde9-4c82-4df1-83fc-28ace0460f00":{"type":"message","settings":{"text":"<a href=\"\/products\/poivre-des-dunes\" title=\"Poivre des dunes\">Poivre des dunes<\/a> gratuit dès 120$* 🌿"}}},"block_order":["message-1","1b4bcde9-4c82-4df1-83fc-28ace0460f00"],"settings":{"enable_sticky":false,"autoplay":true,"cycle_speed":5,"desktop_font_size":11,"mobile_font_size":10,"background":"#0b573e","text_color":"#e1f0df"}},"header":{"type":"header","blocks":{"6aa1fe03-636a-4cf9-bf0f-2d1044b263d3":{"type":"mega_menu","settings":{"menu_item":"Boutique","images_position":"right","image_1":"shopify:\/\/shop_images\/9247-modifie-fred-header-web.jpg","image_1_heading":"Tisane","image_1_text":"","image_1_link":"shopify:\/\/collections\/tisane-quebec","image_2":"shopify:\/\/shop_images\/9148-modifie-header-web.jpg","image_2_heading":"Ingrédients","image_2_text":"","image_2_link":"shopify:\/\/collections\/aromates-du-quebec"}}},"block_order":["6aa1fe03-636a-4cf9-bf0f-2d1044b263d3"],"settings":{"enable_sticky":true,"show_separation_border":false,"reduce_padding":true,"logo":"shopify:\/\/shop_images\/Logo--Floem-Croped-website.png","logo_max_width":135,"logo_mobile_max_width":80,"menu":"main-menu","sidebar_menu":"sidebar-menu","menu_open_trigger":"hover","enable_search":true,"sidebar_text_font":"heading","sidebar_show_dividers":true,"layout":"logo_left_navigation_inline","show_icons":true,"show_country_selector":false,"show_country_name":false,"show_country_flag":false,"show_locale_selector":true,"transparent_header_text_color":"#005640"}}},"order":["announcement-bar","header"]}