{"type":"custom.overlay","name":"Overlay group","sections":{"cart-drawer":{"type":"cart-drawer","settings":{"show_cart_note":true,"show_shipping_text":true,"show_view_cart_button":false,"show_checkout_button":true,"show_price_in_checkout_button":true}},"newsletter-popup":{"type":"newsletter-popup","disabled":true,"settings":{"apparition_delay":5,"show_only_on_index":false,"hide_for_account_holders":true,"show_only_once":true,"title":"Signup for our newsletter","content":"Describe what your customers will receive when subscribing to your newsletter.","button_text":"Subscribe","background":"#1c1c1c","text_color":"#ffffff","button_background":"#ffffff","button_text_color":"#1c1c1c"}},"privacy-banner":{"type":"privacy-banner","disabled":true,"settings":{"title":"🍪 Cookie policy","content":"<p>We use cookies and similar technologies to provide the best experience on our website. Refer to our Privacy Policy for more information.<\/p>","background":"#1c1c1c","text_color":"#ffffff"}}},"order":["cart-drawer","newsletter-popup","privacy-banner"]}