{"current":{"icon_stroke_width":1.5,"section_vertical_spacing":"md","text_color":"#005640","background":"#e1f0df","secondary_background":"#e1f0df","success_color":"#307a07","error_color":"#cb2b2b","header_background":"#e1f0df","header_text_color":"#005640","footer_background":"#005640","footer_text_color":"#e1f0df","primary_button_background":"#efc2b3","primary_button_text_color":"#005640","modal_background":"#e1f0df","modal_text_color":"#005640","product_rating_color":"#005640","product_on_sale_accent":"#f0a693","product_custom_badge_background":"#005640","heading_font":"din_neuzeit_grotesk_n3","heading_text_transform":"normal","heading_letter_spacing":18,"text_font":"futura_n4","text_font_size_desktop":14,"button_letter_spacing":18,"show_page_transition":true,"round_color_swatches":true,"color_swatch_config":"Red:#FF0000","product_image_aspect_ratio":"square","product_card_text_font":"heading","product_color_display":"hide","show_product_rating_if_empty":true,"product_rating_mode":"count","show_sold_out_badge":true,"discount_mode":"percentage","cart_type":"drawer","cart_icon":"shopping_bag","cart_show_free_shipping_bar":true,"cart_free_shipping_threshold":"65","social_facebook":"https:\/\/facebook.com\/infusionfloem\/","social_instagram":"https:\/\/instagram.com\/infusionfloem\/","social_tiktok":"https:\/\/tiktok.com\/@infusionfloem\/","favicon":"shopify:\/\/shop_images\/floem-favicon-green.svg","checkout_logo_image":"shopify:\/\/shop_images\/Logo--Floem-Croped-website.png","checkout_body_background_color":"#e1f0df","checkout_sidebar_background_color":"#efc2b3","checkout_accent_color":"#005640","checkout_button_color":"#005640","heading_color":"#005640","content_for_index":[],"blocks":{"14060646107696862457":{"type":"shopify:\/\/apps\/judge-me-product-reviews\/blocks\/judgeme_core\/61ccd3b1-a9f2-4160-9fe9-4fec8413e5d8","disabled":false,"settings":{}},"855628211100114053":{"type":"shopify:\/\/apps\/klaviyo-email-marketing-sms\/blocks\/klaviyo-onsite-embed\/2632fe16-c075-4321-a88b-50b567f42507","disabled":false,"settings":{}}}},"presets":{"Allure":{"section_vertical_spacing":"md","heading_color":"#1c1c1c","text_color":"#1c1c1c","background":"#efefef","secondary_background":"#ffffff","success_color":"#307a07","error_color":"#cb2b2b","header_background":"#ffffff","header_text_color":"#1c1c1c","footer_background":"#ffffff","footer_text_color":"#1c1c1c","modal_background":"#ffffff","modal_text_color":"#1c1c1c","primary_button_background":"#1c1c1c","primary_button_text_color":"#ffffff","product_rating_color":"#1c1c1c","heading_font":"univers_next_n4","heading_letter_spacing":18,"text_font":"univers_next_n4","text_font_size_desktop":14,"button_letter_spacing":18},"Couture":{"section_vertical_spacing":"md","heading_color":"#5c5c5c","text_color":"#5c5c5c","background":"#ffffff","secondary_background":"#ffffff","success_color":"#307a07","error_color":"#cb2b2b","header_background":"#ffffff","header_text_color":"#303030","footer_background":"#ffffff","footer_text_color":"#303030","modal_background":"#ffffff","modal_text_color":"#303030","primary_button_background":"#5c5c5c","primary_button_text_color":"#ffffff","product_rating_color":"#1c1c1c","heading_font":"futura_n4","heading_letter_spacing":18,"text_font":"century_gothic_n4","text_font_size_desktop":14,"button_letter_spacing":18},"Vogue":{"section_vertical_spacing":"xs","heading_color":"#303030","text_color":"#303030","background":"#ffffff","secondary_background":"#ffffff","success_color":"#307a07","error_color":"#cb2b2b","header_background":"#ffffff","header_text_color":"#303030","footer_background":"#ffffff","footer_text_color":"#303030","modal_background":"#ffffff","modal_text_color":"#303030","primary_button_background":"#f5db8b","primary_button_text_color":"#303030","product_rating_color":"#1c1c1c","heading_font":"din_neuzeit_grotesk_n3","heading_letter_spacing":18,"text_font":"futura_n4","text_font_size_desktop":14,"button_letter_spacing":18}}}