{"sections":{"main":{"type":"main-article","settings":{"show_image":true,"enable_parallax":true,"image_size":"medium","content_width":"xs","show_date":true,"show_category":true,"show_author":false,"show_share_buttons":true,"show_sticky_bar":true,"background":"#005640","text_color":"#e1f0df"}},"prev-next-blog-posts":{"type":"prev-next-blog-posts","disabled":true,"settings":{"separate_section_with_border":false,"subheading":"","title":"Plus d'articles","show_category":true,"show_excerpt":true,"show_read_more":true,"background":"#1c1c1c","text_color":"#ffffff"}}},"order":["main","prev-next-blog-posts"]}