{"sections":{"collection-banner":{"type":"collection-banner","settings":{"image_size":"xs","allow_transparent_header":false,"reveal":true,"enable_parallax":true,"show_collection_title":true,"show_collection_description":true,"show_breadcrumb":true,"content_width":"xs","background":"#000000","text_color":"#ffffff","overlay_color":"#000000","overlay_opacity":30}},"main":{"type":"main-collection","settings":{"hide_product_information":false,"products_per_page":48,"products_per_row_mobile":"2","products_size_desktop":"medium","show_grid_mode_selector":true,"horizontal_spacing_factor":1,"vertical_spacing_factor":1,"filter_layout":"sidebar","quick_links_menu":"","show_sort_by":true,"show_filters":true,"show_results_count":true,"show_filter_group_name":false,"show_empty_filter_values":false,"show_filter_values_count":true,"show_color_swatch":true,"open_filters_by_default":false}},"16830434730cf04671":{"type":"apps","blocks":{"750be23c-314b-4644-8c46-35620d83bebf":{"type":"shopify:\/\/apps\/judge-me-product-reviews\/blocks\/featured_carousel\/61ccd3b1-a9f2-4160-9fe9-4fec8413e5d8","settings":{"maxwidth":1080}}},"block_order":["750be23c-314b-4644-8c46-35620d83bebf"],"settings":{"separate_section_with_border":false,"remove_vertical_spacing":false,"remove_horizontal_spacing":false}},"e548132d-daec-4383-b27c-e2e6f4dd5695":{"type":"faq","blocks":{"5c37fde0-a3f0-4266-a787-3778dbe984e3":{"type":"category","settings":{"title":"{{ collection.title }}","icon":"none","icon_width":16}},"template--16775695728880__e548132d-daec-4383-b27c-e2e6f4dd5695-1689181805d1a3e8e7-1":{"type":"question","settings":{"question":"En savoir plus","answer":"{{ collection.metafields.custom.collection_content | metafield_tag }}"}}},"block_order":["5c37fde0-a3f0-4266-a787-3778dbe984e3","template--16775695728880__e548132d-daec-4383-b27c-e2e6f4dd5695-1689181805d1a3e8e7-1"],"settings":{"separate_section_with_border":false,"show_categories":false,"subheading":"","title":"","content":""}}},"order":["collection-banner","main","16830434730cf04671","e548132d-daec-4383-b27c-e2e6f4dd5695"]}