{"sections":{"822952b9-0bf2-4eee-9fb2-f0e807040c0a":{"type":"video","disabled":true,"settings":{"autoplay":true,"show_controls":false,"video_size":"auto","external_video_url":"https:\/\/youtu.be\/1dDvp2Zw7AY","text_color":"#ffffff"}},"slideshow":{"type":"slideshow","blocks":{"slide-1":{"type":"image","settings":{"image":"shopify:\/\/shop_images\/CAR05878-green-web.jpg","subheading":"","title":"Infusion boréale","mobile_text_position":"place-self-center text-center","desktop_text_position":"sm:place-self-end sm:text-end","content_max_width":780,"button_1_text":"Boutique","button_1_link":"shopify:\/\/collections\/all","button_1_style":"solid","button_1_background":"#e1f0df","button_1_text_color":"#005640","button_2_text":"","button_2_link":"","button_2_style":"outline","button_2_background":"#ffffff","button_2_text_color":"#e1f0df","background":"","background_opacity":0,"text_color":"#e1f0df","border_color":"","gradient_overlay":"linear-gradient(180deg, rgba(NaN, NaN, NaN, 1), rgba(4, 4, 4, 0.65) 100%)"}}},"block_order":["slide-1"],"settings":{"allow_transparent_header":false,"show_next_section_button":false,"media_size":"md","autoplay":true,"autoplay_pause_on_video":true,"cycle_speed":5,"background":"#000000","controls_color":"#ffffff"}},"collection-list":{"type":"collection-list","blocks":{"collection-1":{"type":"collection","settings":{"collection":"","image":"shopify:\/\/shop_images\/EP-ouvert-web.jpg","expand_collection":true,"content_position":"place-self-end-start text-start","subheading":"Tisanes","title":"En vrac","button_text":"Parcourir","button_link":"shopify:\/\/collections\/infusion-en-vrac","text_color":"#e1f0df","overlay_color":"#e1f0df","overlay_opacity":0,"button_background":"#e1f0df","button_text_color":"#005640"}},"collection-2":{"type":"collection","settings":{"collection":"","image":"shopify:\/\/shop_images\/AA-vert-carre-web_1032e670-2471-4140-abfa-7e89aba0b5bd.jpg","expand_collection":true,"content_position":"place-self-end-start text-start","subheading":"Tisanes","title":"En Sachet","button_text":"Goûter","button_link":"shopify:\/\/collections\/infusion-en-sachet","text_color":"#e1f0df","overlay_color":"#e1f0df","overlay_opacity":0,"button_background":"#e1f0df","button_text_color":"#005640"}},"collection-4":{"type":"collection","settings":{"collection":"","image":"shopify:\/\/shop_images\/9430-modifie-carre-web.jpg","expand_collection":false,"content_position":"place-self-end-start text-start","subheading":"Tisanes et aromates","title":"Cadeaux","button_text":"Explorer","button_link":"shopify:\/\/collections\/cadeaux","text_color":"#e1f0df","overlay_color":"#e1f0df","overlay_opacity":0,"button_background":"#e1f0df","button_text_color":"#005640"}},"collection-3":{"type":"collection","settings":{"collection":"","image":"shopify:\/\/shop_images\/9148-modifie-web.jpg","expand_collection":true,"content_position":"place-self-end-start text-start","subheading":"Produits uniques","title":"Aromates du Québec","button_text":"Visiter","button_link":"shopify:\/\/collections\/aromates-du-quebec","text_color":"#e1f0df","overlay_color":"#e1f0df","overlay_opacity":0,"button_background":"#e1f0df","button_text_color":""}}},"block_order":["collection-1","collection-2","collection-4","collection-3"],"settings":{"separate_section_with_border":false,"image_size":"md","show_text_outside":false,"space_items":true,"stack_collections":true,"collections_per_row_desktop":3,"subheading":"","title":"Collections","content":"","circle_button_background":"#ffffff","circle_button_text_color":"#005640"}},"featured-collections":{"type":"featured-collections","blocks":{"collection-1":{"type":"collection","settings":{"collection":"tisane-quebec","products_count":8,"title":"Infusions du québec","link_url":"shopify:\/\/collections\/tisane-quebec","link_text":"Tous les produits"}}},"block_order":["collection-1"],"settings":{"separate_section_with_border":false,"hide_product_information":true,"stack_products":true,"products_per_row_mobile":"2","products_per_row_desktop":4,"horizontal_spacing_factor":1,"vertical_spacing_factor":1,"subheading":""}},"before-after":{"type":"before-after","blocks":{"before":{"type":"before","settings":{"image":"shopify:\/\/shop_images\/EP-ouvert-web.jpg","text":"Rare","link_text":"","link_url":"","link_style":"link","text_color":"#005640","button_background":"#ffffff","button_text_color":"#1c1c1c"}},"after":{"type":"after","settings":{"image":"shopify:\/\/shop_images\/ME-ouvert-carre-web.jpg","text":"Audacieux","link_text":"","link_url":"","link_style":"link","text_color":"#005640","button_background":"#ffffff","button_text_color":"#1c1c1c"}}},"block_order":["before","after"],"settings":{"separate_section_with_border":false,"subheading":"","title":"","content":"","cursor_direction":"vertical","cursor_initial_position":34,"cursor_background":"#ffffff","cursor_arrows_color":"#000000"}},"image-with-text-scroll":{"type":"images-with-text-scroll","disabled":true,"blocks":{"item-1":{"type":"image_with_text","settings":{"image":"shopify:\/\/shop_images\/ME-carre-web_b2ad13aa-ca01-4aae-aef0-870cd4a800b9.jpg","subheading":"","title":"Vendre nos produits","content":"<p>Si vous voulez vendre nos produits au sein de votre entreprise, nos produits asont disponibles pour la vente au détail, la vente en vrac et zéro déchet. Connectez-vous à notre plateforme B2B ici bas.<\/p>","link_text":"<a href=\"https:\/\/b2b.floem.ca\" target=\"_blank\" title=\"https:\/\/b2b.floem.ca\">PLATEFORME B2B<\/a>","link_url":"","link_style":"solid"}},"item-2":{"type":"image_with_text","settings":{"subheading":"","title":"Grossiste","content":"<p>Nous pouvons vous fournir des prix de grossiste pour plusieurs ingrédients de la forêt boréale! Connectez-vous à notre plateforme B2B ici bas.<\/p>","link_text":"","link_url":"","link_style":"solid"}},"item-3":{"type":"image_with_text","settings":{"subheading":"","title":"#3","content":"<p>Share information about your product with your customers. Describe a product, and share info about your production process...<\/p>","link_text":"","link_url":"","link_style":"solid"}}},"block_order":["item-1","item-2","item-3"],"settings":{"image_position":"start","text_alignment":"center","heading_tag":"h3","background":"#efc2b3","text_color":"#005640","button_background":"#e1f0df","button_text_color":"#1c1c1c","overlay_color":"#000000","overlay_opacity":0}},"multiple-media-with-text":{"type":"multiple-media-with-text","blocks":{"image-1":{"type":"image","settings":{"image":"shopify:\/\/shop_images\/BC-carre-web.jpg","rotation":0}},"image-2":{"type":"image","settings":{"image":"shopify:\/\/shop_images\/BC-modifie-carre-closeup-web.jpg","rotation":0}}},"block_order":["image-1","image-2"],"settings":{"reveal_on_scroll":true,"separate_section_with_border":true,"media_position_desktop":"before_text","media_position_mobile":"before_text","media_layout":"overlap","media_alignment":"center","media_alignment_offset":0,"media_mobile_alignment_offset":0,"text_alignment":"center","subheading":"","title":"Tisane de qualité","content":"<p>Inusion fait avec des matières brutes et précieuses ceuilli à la main.<\/p>","button_1_text":"","button_1_link":"","button_1_style":"solid","button_2_text":"","button_2_link":"","button_2_style":"solid","background":"","text_color":"","button_background":"","button_text_color":""}},"shop-the-look":{"type":"shop-the-look","blocks":{"look-1":{"type":"look","settings":{"image":"shopify:\/\/shop_images\/DSC_9143-modifie-carre-web.jpg","hot_spots_background":"#ffffff","product_1":"sapin-baumier","product_1_horizontal_position":20,"product_1_vertical_position":80,"product_2":"the-des-bois","product_2_horizontal_position":33,"product_2_vertical_position":47,"product_3":"the-du-labrador","product_3_horizontal_position":58,"product_3_vertical_position":69,"product_4":"poivre-des-dunes","product_4_horizontal_position":80,"product_4_vertical_position":77}}},"block_order":["look-1"],"settings":{"separate_section_with_border":true,"subheading":"EXPLOREZ NOS","title":"Ingrédients du québec","content":"","popover_title":"Shop the look"}},"newsletter":{"type":"newsletter","disabled":true,"settings":{"separate_section_with_border":false,"image_size":"sm","image":"shopify:\/\/shop_images\/CAR05887-web.jpg","subheading":"","title":"Faites partie de la famille!","content":"<p>Abonnez-vous et reçevez 15% sur votre première commande.<\/p><p>Et recevez les offres spéciales avant tout le monde, des conseils beauté et des offres uniques!<\/p>","button_text":"Valider","text_color":"#e1f0df","button_background":"#e1f0df","button_text_color":"","overlay_color":"#000000","overlay_opacity":0}},"fcd00c4a-3d2e-458b-8aaf-d359a62bf9c4":{"type":"logo-list","blocks":{"template--16741512610032__fcd00c4a-3d2e-458b-8aaf-d359a62bf9c4-1682622621acd91671-0":{"type":"logo","settings":{"logo":"shopify:\/\/shop_images\/media-la-presse2.png","logo_width":250,"link":""}},"26734653-2e4d-45c9-be35-2d4eb2f28f03":{"type":"logo","settings":{"logo":"shopify:\/\/shop_images\/dragon.png","logo_width":250,"link":""}},"template--16741512610032__fcd00c4a-3d2e-458b-8aaf-d359a62bf9c4-1682622621acd91671-1":{"type":"logo","settings":{"logo":"shopify:\/\/shop_images\/metro-media.png","logo_width":250,"link":""}},"template--16741512610032__fcd00c4a-3d2e-458b-8aaf-d359a62bf9c4-1682622621acd91671-2":{"type":"logo","settings":{"logo":"shopify:\/\/shop_images\/media-coup-de-pouce.png","logo_width":250,"link":""}},"template--16741512610032__fcd00c4a-3d2e-458b-8aaf-d359a62bf9c4-1682622621acd91671-3":{"type":"logo","settings":{"logo":"shopify:\/\/shop_images\/media-noovo-moi.png","logo_width":250,"link":""}},"template--16741512610032__fcd00c4a-3d2e-458b-8aaf-d359a62bf9c4-1682622621acd91671-4":{"type":"logo","settings":{"logo":"shopify:\/\/shop_images\/Media-Baronmag.png","logo_width":250,"link":""}},"b4a6b311-a87d-4155-9f9c-acba9ee06c5d":{"type":"logo","settings":{"logo":"shopify:\/\/shop_images\/24h.png","logo_width":250,"link":""}},"8d2429ac-dec7-43fc-a6ef-216c3570acc1":{"type":"logo","settings":{"logo":"shopify:\/\/shop_images\/media-journal-de-montreal_52f240a8-16e2-4059-a20b-20dce0d3fcd9.png","logo_width":250,"link":""}},"06789ae5-fe8e-400a-8797-cbe2eda3335a":{"type":"logo","settings":{"logo":"shopify:\/\/shop_images\/media-zeste.png","logo_width":250,"link":""}},"179b6db9-fb12-4cc7-8ffe-f5e42a3154f6":{"type":"logo","settings":{"logo":"shopify:\/\/shop_images\/Le-devoir-media.png","logo_width":250,"link":""}},"3896d751-ba28-4123-824d-727afe172067":{"type":"logo","settings":{"logo":"shopify:\/\/shop_images\/Radio-Canada_02e4f9bf-bb2c-404b-861d-694b80da9069.png","logo_width":250,"link":""}},"39ac92b4-27fe-4484-a0cc-eb0bf6cc8c76":{"type":"logo","settings":{"logo":"shopify:\/\/shop_images\/le-soleil.png","logo_width":250,"link":""}},"c41207a0-4963-40fd-b128-a55576b63ce7":{"type":"logo","settings":{"logo":"shopify:\/\/shop_images\/fugues.png","logo_width":250,"link":""}},"f4d0f2be-59ca-4e29-85d7-0ffd5fa44a91":{"type":"logo","settings":{"logo":"shopify:\/\/shop_images\/bel-age.png","logo_width":250,"link":""}},"7dfedb7e-68e3-4514-bb69-60d94db4ba45":{"type":"logo","settings":{"logo":"shopify:\/\/shop_images\/premiere-en-affaires.png","logo_width":250,"link":""}}},"block_order":["template--16741512610032__fcd00c4a-3d2e-458b-8aaf-d359a62bf9c4-1682622621acd91671-0","26734653-2e4d-45c9-be35-2d4eb2f28f03","template--16741512610032__fcd00c4a-3d2e-458b-8aaf-d359a62bf9c4-1682622621acd91671-1","template--16741512610032__fcd00c4a-3d2e-458b-8aaf-d359a62bf9c4-1682622621acd91671-2","template--16741512610032__fcd00c4a-3d2e-458b-8aaf-d359a62bf9c4-1682622621acd91671-3","template--16741512610032__fcd00c4a-3d2e-458b-8aaf-d359a62bf9c4-1682622621acd91671-4","b4a6b311-a87d-4155-9f9c-acba9ee06c5d","8d2429ac-dec7-43fc-a6ef-216c3570acc1","06789ae5-fe8e-400a-8797-cbe2eda3335a","179b6db9-fb12-4cc7-8ffe-f5e42a3154f6","3896d751-ba28-4123-824d-727afe172067","39ac92b4-27fe-4484-a0cc-eb0bf6cc8c76","c41207a0-4963-40fd-b128-a55576b63ce7","f4d0f2be-59ca-4e29-85d7-0ffd5fa44a91","7dfedb7e-68e3-4514-bb69-60d94db4ba45"],"settings":{"separate_section_with_border":false,"subheading":"","title":"Fier de figurer dans :","items_per_row":5,"logo_item_background":"#f0a693","logo_item_border":"#e1f0df"}},"7560d562-e5bc-4338-b963-0e8691a7e263":{"type":"featured-product","disabled":true,"blocks":{"template--16741512610032__7560d562-e5bc-4338-b963-0e8691a7e263-168268248313bea6e4-0":{"type":"vendor","settings":{}},"template--16741512610032__7560d562-e5bc-4338-b963-0e8691a7e263-168268248313bea6e4-1":{"type":"title","settings":{"heading_tag":"h3"}},"template--16741512610032__7560d562-e5bc-4338-b963-0e8691a7e263-168268248313bea6e4-2":{"type":"badges","settings":{}},"template--16741512610032__7560d562-e5bc-4338-b963-0e8691a7e263-168268248313bea6e4-3":{"type":"price","settings":{"show_taxes_notice":false}},"template--16741512610032__7560d562-e5bc-4338-b963-0e8691a7e263-168268248313bea6e4-4":{"type":"rating","settings":{"show_empty":true,"rating_mode":"rating"}},"template--16741512610032__7560d562-e5bc-4338-b963-0e8691a7e263-168268248313bea6e4-5":{"type":"payment_terms","settings":{}},"template--16741512610032__7560d562-e5bc-4338-b963-0e8691a7e263-168268248313bea6e4-6":{"type":"separator","settings":{}},"template--16741512610032__7560d562-e5bc-4338-b963-0e8691a7e263-168268248313bea6e4-7":{"type":"description","settings":{"collapse_content":false}},"template--16741512610032__7560d562-e5bc-4338-b963-0e8691a7e263-168268248313bea6e4-8":{"type":"variant_picker","settings":{"hide_sold_out_variants":false,"selector_type":"block","color_selector_type":"color","size_chart_page":""}},"template--16741512610032__7560d562-e5bc-4338-b963-0e8691a7e263-168268248313bea6e4-9":{"type":"quantity_selector","settings":{}},"template--16741512610032__7560d562-e5bc-4338-b963-0e8691a7e263-168268248313bea6e4-10":{"type":"buy_buttons","settings":{"show_payment_button":true,"show_gift_card_recipient":false,"atc_button_background":"","atc_button_text_color":"","payment_button_background":"","payment_button_text_color":""}},"template--16741512610032__7560d562-e5bc-4338-b963-0e8691a7e263-168268248313bea6e4-11":{"type":"pickup_availability","settings":{}}},"block_order":["template--16741512610032__7560d562-e5bc-4338-b963-0e8691a7e263-168268248313bea6e4-0","template--16741512610032__7560d562-e5bc-4338-b963-0e8691a7e263-168268248313bea6e4-1","template--16741512610032__7560d562-e5bc-4338-b963-0e8691a7e263-168268248313bea6e4-2","template--16741512610032__7560d562-e5bc-4338-b963-0e8691a7e263-168268248313bea6e4-3","template--16741512610032__7560d562-e5bc-4338-b963-0e8691a7e263-168268248313bea6e4-4","template--16741512610032__7560d562-e5bc-4338-b963-0e8691a7e263-168268248313bea6e4-5","template--16741512610032__7560d562-e5bc-4338-b963-0e8691a7e263-168268248313bea6e4-6","template--16741512610032__7560d562-e5bc-4338-b963-0e8691a7e263-168268248313bea6e4-7","template--16741512610032__7560d562-e5bc-4338-b963-0e8691a7e263-168268248313bea6e4-8","template--16741512610032__7560d562-e5bc-4338-b963-0e8691a7e263-168268248313bea6e4-9","template--16741512610032__7560d562-e5bc-4338-b963-0e8691a7e263-168268248313bea6e4-10","template--16741512610032__7560d562-e5bc-4338-b963-0e8691a7e263-168268248313bea6e4-11"],"settings":{"product":"coffret-origine","separate_section_with_border":true,"container_size":"lg","product_info_size":45,"center_basic_info":false,"desktop_media_layout":"carousel_thumbnails_bottom","desktop_media_grid_gap":30,"mobile_controls":"dots","enable_media_autoplay":false,"enable_video_looping":true,"enable_image_zoom":false,"max_image_zoom_level":3,"subheading":"","title":"Featured product","content":""}},"ddb9d63e-8018-445c-ab6f-393f0fb88009":{"type":"media-grid","blocks":{"template--16741512610032__ddb9d63e-8018-445c-ab6f-393f0fb88009-1682690876408bdea8-0":{"type":"image","settings":{"image":"shopify:\/\/shop_images\/CAR05491-carre-web.jpg","column_count":"8","row_count":2,"title":"Écoresponsable","heading_tag":"h2","content":"","link_text":"","link_url":"","link_style":"outline","text_position":"place-self-center text-center","text_color":"#e1f0df","button_background":"","button_text_color":"","overlay_color":"#000000","overlay_opacity":0}},"template--16741512610032__ddb9d63e-8018-445c-ab6f-393f0fb88009-1682690876408bdea8-1":{"type":"image","settings":{"image":"shopify:\/\/shop_images\/CAR05880-carre-web.jpg","column_count":"4","row_count":1,"title":"Santé","heading_tag":"h2","content":"","link_text":"","link_url":"","link_style":"outline","text_position":"place-self-center text-center","text_color":"#e1f0df","button_background":"","button_text_color":"","overlay_color":"#000000","overlay_opacity":0}},"template--16741512610032__ddb9d63e-8018-445c-ab6f-393f0fb88009-1682690876408bdea8-2":{"type":"image","settings":{"image":"shopify:\/\/shop_images\/CAR05930-carre---sous-bois-web.jpg","column_count":"4","row_count":1,"title":"Savoureux","heading_tag":"h2","content":"","link_text":"","link_url":"","link_style":"link","text_position":"place-self-center text-center","text_color":"#ffffff","button_background":"","button_text_color":"","overlay_color":"#000000","overlay_opacity":0}}},"block_order":["template--16741512610032__ddb9d63e-8018-445c-ab6f-393f0fb88009-1682690876408bdea8-0","template--16741512610032__ddb9d63e-8018-445c-ab6f-393f0fb88009-1682690876408bdea8-1","template--16741512610032__ddb9d63e-8018-445c-ab6f-393f0fb88009-1682690876408bdea8-2"],"settings":{"separate_section_with_border":false,"desktop_row_height":290,"mobile_row_height":180,"section_width":"lg","spacing":"xs","subheading":"","title":"","content":"","background":"","text_color":""}},"blog-posts":{"type":"blog-posts","settings":{"separate_section_with_border":false,"blog":"blogue","posts_count":3,"stack_on_mobile":false,"show_category":false,"show_excerpt":true,"show_read_more":true,"subheading":"","title":"Articles vedettes","content":"","button_link":"","button_text":"Voir tous les articles"}}},"order":["822952b9-0bf2-4eee-9fb2-f0e807040c0a","slideshow","collection-list","featured-collections","before-after","image-with-text-scroll","multiple-media-with-text","shop-the-look","newsletter","fcd00c4a-3d2e-458b-8aaf-d359a62bf9c4","7560d562-e5bc-4338-b963-0e8691a7e263","ddb9d63e-8018-445c-ab6f-393f0fb88009","blog-posts"]}