{"sections":{"99a3087d-8dba-4022-ad6b-3241ab29c98a":{"type":"rich-text","blocks":{"template--16741565432048__99a3087d-8dba-4022-ad6b-3241ab29c98a-16828041423060bc93-1":{"type":"heading","settings":{"text":"Points de vente","heading_tag":"h1"}},"template--16741565432048__99a3087d-8dba-4022-ad6b-3241ab29c98a-16828041423060bc93-2":{"type":"richtext","settings":{"content":"<p>Nous travaillons continuellement à garder nos points de vente à jours. Cependant, dû à la saisonnalité et à notre distribution, certains magasins présentés ici peuvent momentanément être à court de nos tisanes. Nous recommandons de vérifier avec ces derniers, avant de vous déplacer.<br\/><br\/><strong>Plusieurs points de vente possèdent encore notre ancienne marque \"PilKi\" et n'ont pas encore la nouvelle marque \"Floèm\". Valider avec les marchants avant de vous y rendre.<\/strong><\/p>"}}},"block_order":["template--16741565432048__99a3087d-8dba-4022-ad6b-3241ab29c98a-16828041423060bc93-1","template--16741565432048__99a3087d-8dba-4022-ad6b-3241ab29c98a-16828041423060bc93-2"],"settings":{"separate_section_with_border":true,"content_width":"sm","text_position":"center","remove_vertical_spacing":true}},"main":{"type":"store-locator-submit","settings":{}},"a129056a-a59e-499a-ad83-6394aac682ce":{"type":"rich-text","blocks":{"template--16741565432048__a129056a-a59e-499a-ad83-6394aac682ce-16828051456c7a30be-1":{"type":"heading","settings":{"text":"Vous ne trouvez pas Floèm dans votre magasin ?","heading_tag":"h2"}},"template--16741565432048__a129056a-a59e-499a-ad83-6394aac682ce-16828051456c7a30be-2":{"type":"richtext","settings":{"content":"<p>Si votre épicerie locale ne vend pas notre produit, vous pouvez demander à un gérant de magasin de passer une commande directement avec nous en envoyant un courriel à <a href=\"mailto:ventes@floem.ca\" target=\"_blank\" title=\"mailto:ventes@floem.ca\">ventes@floem.ca<\/a><\/p>"}}},"block_order":["template--16741565432048__a129056a-a59e-499a-ad83-6394aac682ce-16828051456c7a30be-1","template--16741565432048__a129056a-a59e-499a-ad83-6394aac682ce-16828051456c7a30be-2"],"settings":{"separate_section_with_border":true,"content_width":"sm","text_position":"center","remove_vertical_spacing":false}}},"order":["99a3087d-8dba-4022-ad6b-3241ab29c98a","main","a129056a-a59e-499a-ad83-6394aac682ce"]}