{"sections":{"60a7d882-1dab-41f4-aaed-4b3677b73f22":{"type":"slideshow","blocks":{"template--16745704718576__60a7d882-1dab-41f4-aaed-4b3677b73f22-1684957494472f29df-0":{"type":"image","settings":{"image":"shopify:\/\/shop_images\/Roxane-boit-du-the.jpg","subheading":"Programme","title":"Ambassadeur","mobile_text_position":"place-self-center text-center","desktop_text_position":"sm:place-self-center sm:text-center","content_max_width":780,"button_1_text":"","button_1_link":"","button_1_style":"solid","button_1_background":"#ffffff","button_1_text_color":"#000000","button_2_text":"","button_2_link":"","button_2_style":"outline","button_2_background":"#ffffff","button_2_text_color":"#000000","background":"","background_opacity":50,"text_color":"#e1f0df","border_color":"","gradient_overlay":"linear-gradient(180deg, rgba(54, 54, 54, 0.2), rgba(4, 4, 4, 0.65) 100%)"}}},"block_order":["template--16745704718576__60a7d882-1dab-41f4-aaed-4b3677b73f22-1684957494472f29df-0"],"settings":{"allow_transparent_header":false,"show_next_section_button":false,"media_size":"xs","autoplay":false,"autoplay_pause_on_video":false,"cycle_speed":5,"background":"#000000","controls_color":"#ffffff"}},"73d427f6-fdd2-481a-a5ba-0aa544518abb":{"type":"collection-list","blocks":{"template--16745704718576__73d427f6-fdd2-481a-a5ba-0aa544518abb-16849587504aa3b0c3-0":{"type":"collection","settings":{"collection":"","image":"shopify:\/\/shop_images\/BC-cuillere-web_26b159d5-b3b5-446e-89a8-c6a5a2e4c3d1.jpg","expand_collection":false,"content_position":"place-self-end-start text-start","subheading":"","title":"Témoignage","button_text":"","button_link":"","text_color":"#ffffff","overlay_color":"#000000","overlay_opacity":15,"button_background":"","button_text_color":""}},"template--16745704718576__73d427f6-fdd2-481a-a5ba-0aa544518abb-16849587504aa3b0c3-1":{"type":"collection","settings":{"collection":"","image":"shopify:\/\/shop_images\/dinde-pimbina-carre-web_eb9bbd87-4b08-4ca8-aa79-ddc8051421ad.jpg","expand_collection":false,"content_position":"place-self-end-start text-start","subheading":"","title":"Recette","button_text":"","button_link":"","text_color":"#ffffff","overlay_color":"#000000","overlay_opacity":15,"button_background":"","button_text_color":""}},"template--16745704718576__73d427f6-fdd2-481a-a5ba-0aa544518abb-16849587504aa3b0c3-2":{"type":"collection","settings":{"collection":"","image":"shopify:\/\/shop_images\/DSC_8168-carre-web.jpg","expand_collection":false,"content_position":"place-self-end-start text-start","subheading":"","title":"Lifestyle","button_text":"","button_link":"","text_color":"#ffffff","overlay_color":"#000000","overlay_opacity":15,"button_background":"","button_text_color":""}}},"block_order":["template--16745704718576__73d427f6-fdd2-481a-a5ba-0aa544518abb-16849587504aa3b0c3-0","template--16745704718576__73d427f6-fdd2-481a-a5ba-0aa544518abb-16849587504aa3b0c3-1","template--16745704718576__73d427f6-fdd2-481a-a5ba-0aa544518abb-16849587504aa3b0c3-2"],"settings":{"separate_section_with_border":false,"image_size":"auto","show_text_outside":false,"space_items":true,"stack_collections":false,"collections_per_row_desktop":3,"subheading":"","title":"","content":"","circle_button_background":"#ffffff","circle_button_text_color":"#1c1c1c"}},"main":{"type":"main-page","disabled":true,"settings":{"show_title":true,"page_width":"xs"}},"collabs":{"type":"apps","blocks":{"f4c8a3d9-e717-4b51-9c79-a0ea0c85d08e":{"type":"shopify:\/\/apps\/collabs\/blocks\/application-page\/54758706-9f25-4fa9-a553-64720a4c998b","settings":{"heading":"Rejoignez la famille!","show_square_logo":false,"show_partnership_info":true,"button_text":"Appliquer","number_of_images":"4","logo_position":"above","corner_style":"square","button_background_color":"#005640","button_label_color":"#ffffff","link_color":"#f0a693"}}},"block_order":["f4c8a3d9-e717-4b51-9c79-a0ea0c85d08e"],"settings":{"separate_section_with_border":false,"remove_vertical_spacing":false,"remove_horizontal_spacing":false}}},"order":["60a7d882-1dab-41f4-aaed-4b3677b73f22","73d427f6-fdd2-481a-a5ba-0aa544518abb","main","collabs"]}