{"sections":{"faq":{"type":"faq","blocks":{"category":{"type":"category","settings":{"title":"Général","icon":"picto-comment","icon_width":16}},"question-1":{"type":"question","settings":{"question":"Votre nom est PilKi ou Floèm?","answer":"<p><a href=\"\/blogs\/blogue\/pilki-devient-floem\" title=\"PilKi devient Floèm\">Cliquez ici<\/a> pour plus d'information.<\/p>"}},"83714cff-0366-4891-b89a-07e12aaed5b2":{"type":"category","settings":{"title":"Livraison","icon":"picto-delivery-truck","icon_width":16}},"question-2":{"type":"question","settings":{"question":"Quel est le coût de la livraison?","answer":"<p>Au Canada, la livraison est gratuite pour les articles en vrac et toute commande de 65$ et plus. Sinon le prix est est fixé à 9.99$.<\/p>"}},"question-3":{"type":"question","settings":{"question":"Livrez-vous partout dans le monde?","answer":"<p>Oui nous livrons partout dans le monde!<\/p>"}},"afcaefe7-1da5-4a9b-bff2-83b807e8626d":{"type":"question","settings":{"question":"Combien de temps avant de reçevoir ma commande?","answer":"<p>Cela dépend d'oû vous êtes. En moyenne vous reçevrez votre colis entre 2-5 jours ouvrables.<\/p>"}},"683d37b8-ae08-43a5-b370-f2f0eafb3051":{"type":"question","settings":{"question":"Quelle compagnie de livraison utilisez-vous?","answer":"<p>Nous avons un contrat de livraison avec Poste Canada et la majorité de nos commandes sont envoyé avec cette compagnie.<\/p>"}},"db91821f-6f5b-4143-be5a-8e3c1015aafb":{"type":"question","settings":{"question":"Comment puis-je suivre mon colis?","answer":"<p>La majorité de nos envois ont un numéro de suivi que vous reçevrez lors de la confirmation de votre commmande. Pour ce qui est des plus petites commandes en vrac, nous envoyons en Poste-lettre qui ne contienent pas de numéro de repérage.<\/p>"}},"e94070ad-bf8d-463a-866e-9fa82a909c0d":{"type":"category","settings":{"title":"Produit","icon":"picto-bottle","icon_width":16}},"cf448c0b-32be-4376-b427-1d84469e152f":{"type":"question","settings":{"question":"Devrais-je éviter vos infusions si je suis enceinte?","answer":"<p>Oui, pour la simple raison qu’il n’y a pas d’études sur le sujet par éthique. Pour les problèmes de santé personnels, il est toujours préférable de parler à votre professionnel de la santé. Tous nos thés sont accompagnés d’une liste d’ingrédients détaillée afin que vous puissiez demander à votre médecin si certains mélanges ou ingrédients conviennent à votre état.<\/p>"}},"3ce6d56a-d88b-42c1-96d9-14b1c42f7b28":{"type":"question","settings":{"question":"Où puis-je trouver la liste d'ingrédients des produits et l'information sur les produits?","answer":"<p>La liste d’ingrédient et les spécifications sur les produits peuvent être trouvées sur le site internet dans la section boutique en cliquant sur les produits<\/p>"}},"0b9d43bb-b72c-49c3-8e25-38abc02563ba":{"type":"question","settings":{"question":"Vos produits comportent-t-ils des ingrédients allergènes?","answer":"<p>Non, nos produits ne contiennent pas d’ingrédients allergènes.<\/p><p>Toutefois, veuillez prendre note que nos infusions ne sont pas produites dans des installations certifiées sans allergènes.<\/p>"}},"611ecd3b-b13f-4a80-839c-365ef693f5c5":{"type":"question","settings":{"question":"Vos infusions contiennent-elles de la théine ou caféine?","answer":"<p>Non. Malgré le fait que le thé du labrador, notre ingrédient principal, possède l’appellation “thé”, cette plante ne possède aucune théine ni cafféine et aide même à la relaxation. Ainsi aucune de nos infusions n’en possèdent.<\/p>"}},"7e088728-a52a-4c3c-ae19-46f9ba458806":{"type":"question","settings":{"question":"Combien de temps vos tisanes restent-elles fraîches?","answer":"<p>Nous vous conseillons de consommer les tisanes au cours des 12 premiers mois pour une meilleure expérience, mais elles peuvent durer environ 24 mois. Pour conserver la fraîcheur des mélanges, conservez-les toujours dans un récipient hermétique, dans un endroit frais, à l’abri de la lumière et de l’humidité<\/p>"}},"224d3003-e61e-4b87-bf13-de354cb6deb9":{"type":"question","settings":{"question":"Le mélange semble duveteux, est-ce normal?","answer":"<p>Oui, le thé du Labrador et certains types de fleurs ont cette texture lorsqu’ils sont broyés. Ils diffusent encore plus de saveurs!<\/p>"}},"df2a0697-4ae1-4422-98cc-6dda9b651006":{"type":"question","settings":{"question":"Vos tisanes contiennent-t-elles du sucre ajouté, des edulcorants, des arômes artificiels ou naturels?","answer":"<p>Non, nos tisanes ne contiennent jamais de sucre ou d’édulcorants ajoutés, nous gardons tous les ingrédients naturels.<br\/>Non, nous n’ajoutons aucun arôme dans nos infusions, car nous voulons offrir des produits authentiques qui reflètent des saveurs propres aux ingrédients.<\/p>"}},"1005819a-b516-4b2b-943d-33a4df842233":{"type":"question","settings":{"question":"Vos produits sont-ils sans gluten?","answer":"<p>Oui! Veuillez toutefois prendre note que même s’ils n’en contiennent pas, nos installations ne sont pas certifiées sans gluten.<\/p>"}},"767c2fc0-7f41-42b9-84a7-87f678515950":{"type":"question","settings":{"question":"Vos tisanes sont-elles biologiques?","answer":"<p>Nos tisanes ne sont pas certifiées biologiques, bien qu’elles soient cueillies à la main dans des environnements naturels, en raison des ingrédients récoltés dans la forêt sont vraiment difficile à certifier. Les autres ingrédients de nos tisanes sont biologiques.<\/p>"}},"9bde9b88-6b49-4e48-b342-502bc5636a65":{"type":"category","settings":{"title":"Autre","icon":"picto-mobile-phone","icon_width":16}},"0e9e8f05-fac3-49e4-bd53-9a9a0783bc3e":{"type":"question","settings":{"question":"Autres questions?","answer":"<p>Si vous avez d’autres questions, il nous fera plaisir de vous répondre! <a href=\"https:\/\/pilki.ca\/nous-contacter\/\">Clickez ici pour nous contacter.<\/a><\/p>"}}},"block_order":["category","question-1","83714cff-0366-4891-b89a-07e12aaed5b2","question-2","question-3","afcaefe7-1da5-4a9b-bff2-83b807e8626d","683d37b8-ae08-43a5-b370-f2f0eafb3051","db91821f-6f5b-4143-be5a-8e3c1015aafb","e94070ad-bf8d-463a-866e-9fa82a909c0d","cf448c0b-32be-4376-b427-1d84469e152f","3ce6d56a-d88b-42c1-96d9-14b1c42f7b28","0b9d43bb-b72c-49c3-8e25-38abc02563ba","611ecd3b-b13f-4a80-839c-365ef693f5c5","7e088728-a52a-4c3c-ae19-46f9ba458806","224d3003-e61e-4b87-bf13-de354cb6deb9","df2a0697-4ae1-4422-98cc-6dda9b651006","1005819a-b516-4b2b-943d-33a4df842233","767c2fc0-7f41-42b9-84a7-87f678515950","9bde9b88-6b49-4e48-b342-502bc5636a65","0e9e8f05-fac3-49e4-bd53-9a9a0783bc3e"],"settings":{"separate_section_with_border":true,"show_categories":true,"subheading":"Besoin d'aide?","title":"Questions fréquemment posés","content":""}}},"order":["faq"]}