{"sections":{"main":{"type":"main-page","settings":{"show_title":false,"page_width":"xs"}},"abc733d3-20ff-4916-be87-1f2ef413e8ee":{"type":"images-with-text-scroll","blocks":{"template--16741512741104__abc733d3-20ff-4916-be87-1f2ef413e8ee-168268401060f6a683-0":{"type":"image_with_text","settings":{"image":"shopify:\/\/shop_images\/Tisane-PilKi-the-du-Labrador.jpg","subheading":"","title":"PilKi devient floèm","content":"<p>Inspiré par la beauté poétique de la flore boréale, c’est à travers Floèm que nous poursuivons notre chemin avec vous. Cette nouvelle identité reflète profondément notre mission de faire découvrir la richesse des aromates de la flore boréale québécoise dans son élégance et sa beauté poétique.<\/p><p><br\/>Floèm est un mot issu de la fusion des mots « flore » et « poème » (Flo-èm). Nous sommes fiers d’utiliser des mots de la langue française, afin de faire rayonner notre nouvelle image de marque. Le « phloème » écrit de cette façon est également un terme botanique. C’est un tissu vasculaire essentiel à la nutrition des végétaux, permettant leur apport énergétique- leur donnant de l’énergie. Un petit clin d’œil à notre passion pour la flore.<\/p>","link_text":"","link_url":"","link_style":"solid"}},"template--16741512741104__abc733d3-20ff-4916-be87-1f2ef413e8ee-168268401060f6a683-1":{"type":"image_with_text","settings":{"image":"shopify:\/\/shop_images\/CAR05887-web.jpg","subheading":"","title":"Des ingrédients d'ici","content":"<p>Nos ingrédients et nos aromates poussent librement sous un ciel boréal. Ils parsèment les territoires sauvages et inspirent la naturalité des grands espaces. Nos cueilleurs, fins connaisseurs, récoltent à la main ces matières premières brutes et précieuses. Nous en créons des assemblages audacieux pour faire découvrir la richesse des saveurs provenant de la nature. Nos mariages aromatiques sont faits de sublimes contrastes étonnants. Nos infusions sont une ode à la beauté poétique de la flore boréale. Nous sommes Floèm.<\/p>","link_text":"","link_url":"","link_style":"solid"}},"template--16741512741104__abc733d3-20ff-4916-be87-1f2ef413e8ee-168268401060f6a683-2":{"type":"image_with_text","settings":{"image":"shopify:\/\/shop_images\/Ingredients-PilKi-the-du-Labrador.jpg","subheading":"","title":"Un élan de variété","content":"<p>C’est en cueillant du thé du Labrador dans la forêt boréale que nous avons réalisé l’importance de faire découvrir les saveurs et les bienfaits du thé du Labrador aux Québécois, ainsi qu’au monde entier. Aimant le changement, nous avons eu le désir de résoudre un problème: le manque de diversité dans les tisanes composées à base de cette plante.<\/p><p>Rendre accessible des variétés qui rejoignent les différents goûts des gens, où ils sont comblés chacun à leurs façons. C’est un défi excitant de créer des saveurs à profusion, tout en mettant en valeur d’autres ingrédients méconnus qui les rendront uniques!<\/p>","link_text":"","link_url":"","link_style":"solid"}},"66bd4aa1-1387-4bca-9aaf-3121320a2277":{"type":"image_with_text","settings":{"image":"shopify:\/\/shop_images\/Nouvelle-Terre-PilKi-champ.jpg","subheading":"","title":"Protéger la nature","content":"<p>L’environnement est l’une de nos valeurs fondamentales, il est important pour nous de prendre soin de la nature avec le plus grand respect. Il est très important de mettre en place des pratiques innovantes qui favorisent autant la protection de l’environnement et la restauration des dommages causés à celle-ci.<\/p><p>Oh combien agréable il serait de pouvoir laisser une terre en santé aux générations futures avec une vaste biodiversité. Nous espérons qu’ils pourront  s’en émerveiller autant que nous avons pu l'expérimenter.<\/p>","link_text":"","link_url":"","link_style":"solid"}}},"block_order":["template--16741512741104__abc733d3-20ff-4916-be87-1f2ef413e8ee-168268401060f6a683-0","template--16741512741104__abc733d3-20ff-4916-be87-1f2ef413e8ee-168268401060f6a683-1","template--16741512741104__abc733d3-20ff-4916-be87-1f2ef413e8ee-168268401060f6a683-2","66bd4aa1-1387-4bca-9aaf-3121320a2277"],"settings":{"image_position":"start","text_alignment":"center","heading_tag":"h3","background":"#e1f0df","text_color":"#005640","button_background":"#ffffff","button_text_color":"#1c1c1c","overlay_color":"#000000","overlay_opacity":0}},"85832c96-5c14-416d-b01e-6dd5211325c7":{"type":"image-with-text","blocks":{"template--16745704685808__85832c96-5c14-416d-b01e-6dd5211325c7-1688579038a2a043aa-0":{"type":"subheading","settings":{"text":"Les humains derrières Floèm"}},"template--16745704685808__85832c96-5c14-416d-b01e-6dd5211325c7-1688579038a2a043aa-1":{"type":"heading","settings":{"text":"Roxane & Frédéric","heading_tag":"h1"}},"template--16745704685808__85832c96-5c14-416d-b01e-6dd5211325c7-1688579038a2a043aa-2":{"type":"richtext","settings":{"content":"<p>Une histoire de canot camping, d'amour et de passion pour la flore boréale. Lisez leur histoire ici :<\/p><p><a href=\"\/blogs\/blogue\/qui-sont-les-humains-deriere-floem\" title=\"Qui sont les humains derrière Floèm?\">Qui sont les humains derrière Floèm?<\/a><\/p>"}}},"block_order":["template--16745704685808__85832c96-5c14-416d-b01e-6dd5211325c7-1688579038a2a043aa-0","template--16745704685808__85832c96-5c14-416d-b01e-6dd5211325c7-1688579038a2a043aa-1","template--16745704685808__85832c96-5c14-416d-b01e-6dd5211325c7-1688579038a2a043aa-2"],"settings":{"separate_section_with_border":true,"image":"shopify:\/\/shop_images\/Rox_et_Fred_24h.jpg","reveal_on_scroll":true,"image_position":"end","content_width":"sm","remove_vertical_spacing":true}}},"order":["main","abc733d3-20ff-4916-be87-1f2ef413e8ee","85832c96-5c14-416d-b01e-6dd5211325c7"]}