{"sections":{"main":{"type":"main-page","settings":{"show_title":false,"page_width":"xs"}},"ba3d2551-42c7-4796-9af8-669ac8fca4a8":{"type":"image-with-text","disabled":true,"blocks":{"11843544-0078-4f3d-92da-86450cccdb24":{"type":"richtext","settings":{"content":"<h3>250 avis *****<\/h3>"}},"template--16785126588656__ba3d2551-42c7-4796-9af8-669ac8fca4a8-heading-1":{"type":"heading","settings":{"text":"<em>Découvrez la magie d'une tisane nordique unique en son genre, cultivée au Canada<\/em>","heading_tag":"h1"}},"template--16785126588656__ba3d2551-42c7-4796-9af8-669ac8fca4a8-subheading-1":{"type":"subheading","settings":{"text":"Say goodbye to fine lines and wrinkles and hello to a radiant, dewy complexion with The Radiant Skin Duo."}},"template--16785126588656__ba3d2551-42c7-4796-9af8-669ac8fca4a8-richtext-1":{"type":"richtext","settings":{"content":"<p> Clinically-proven ingredient, science-backed results.<\/p><p> Pure, delicious, high-grade ingredients.<\/p><p> Noticeable difference in less than two weeks.<\/p><p> Easy, convenient pouches to be enjoyed anywhere, anytime.<\/p>"}},"c05a25cb-6be8-4b5d-aa6c-4a6a92afe046":{"type":"button","settings":{"style":"solid","text":"Button text","url":"","background":"","text_color":""}},"169e3bcc-de69-4a99-b3e8-435c547103dc":{"type":"link","settings":{"text":"Text","url":""}}},"block_order":["11843544-0078-4f3d-92da-86450cccdb24","template--16785126588656__ba3d2551-42c7-4796-9af8-669ac8fca4a8-heading-1","template--16785126588656__ba3d2551-42c7-4796-9af8-669ac8fca4a8-subheading-1","template--16785126588656__ba3d2551-42c7-4796-9af8-669ac8fca4a8-richtext-1","c05a25cb-6be8-4b5d-aa6c-4a6a92afe046","169e3bcc-de69-4a99-b3e8-435c547103dc"],"settings":{"separate_section_with_border":true,"image":"shopify:\/\/shop_images\/EnsembleDecouverte-vert-web_7d9ce56e-6375-4504-8c18-47dd23f97c53.jpg","reveal_on_scroll":true,"image_position":"start","content_width":"sm","remove_vertical_spacing":true}},"0b1e1b7e-fca6-4b99-b1f8-b7a0c5ae4396":{"type":"featured-product","blocks":{"307d56c4-03d5-4a07-94d4-cfaaf19842cf":{"type":"text","settings":{"text":"<p><strong>★★★★ 250 étoiles<\/strong><\/p>"}},"79218920-4ef7-4172-9e67-de69012228d3":{"type":"text","settings":{"text":"<h2>Votre rituel quotidien réconfortant pour un bien-être nordique authentique.<\/h2>"}},"33591a62-2369-4e1b-b697-e4f926dad088":{"type":"text","settings":{"text":"<h3>Say goodbye to fine lines and wrinkles and hello to a radiant, dewy complexion with The Radiant Skin Duo.<\/h3>"}},"template--16785126588656__0b1e1b7e-fca6-4b99-b1f8-b7a0c5ae4396-badges-1":{"type":"badges","settings":{}},"template--16785126588656__0b1e1b7e-fca6-4b99-b1f8-b7a0c5ae4396-rating-1":{"type":"rating","settings":{"show_empty":true,"rating_mode":"rating"}},"template--16785126588656__0b1e1b7e-fca6-4b99-b1f8-b7a0c5ae4396-separator-1":{"type":"separator","settings":{}},"template--16785126588656__0b1e1b7e-fca6-4b99-b1f8-b7a0c5ae4396-description-1":{"type":"description","settings":{"collapse_content":false}},"68bf5941-b074-40c9-b133-2e751825bddb":{"type":"button","settings":{"link":"","text":"Voir les ensembles","stretch":true,"background":"","text_color":""}},"3c5d8ef6-5897-420e-8c0d-f71b74b3f616":{"type":"line_item_property","settings":{"label":"Your label","type":"text","required":false,"allow_long_text":false,"checkbox_value":"Yes","select_values":"Value 1,Value 2,Value 3"}},"dc2caec3-4dab-4425-b58d-49d417660f27":{"type":"text","settings":{"text":"<ul><li> Clinically-proven ingredient, science-backed results.<\/li><li> Pure, delicious, high-grade ingredients.<\/li><li> Noticeable difference in less than two weeks.<\/li><li> Easy, convenient pouches to be enjoyed anywhere, anytime.<\/li><\/ul>"}},"0b0c0586-228c-4a04-8d8e-00a79061f2af":{"type":"feature_with_icon","settings":{"text":"Sans sucre","link":"","icon":"picto-success","icon_width":32,"background":"rgba(0,0,0,0)","text_color":"#005640","border_color":""}},"8f98727e-675a-4fd4-83b0-3f230d5acf3c":{"type":"feature_with_icon","settings":{"text":"Pas de fausses saveurs","link":"","icon":"picto-success","icon_width":32,"background":"rgba(0,0,0,0)","text_color":"#005640","border_color":""}},"91f74d86-a666-4676-8f26-370ed3602f49":{"type":"feature_with_icon","settings":{"text":"Bon pour toir","link":"","icon":"picto-success","icon_width":32,"background":"rgba(0,0,0,0)","text_color":"#005640","border_color":""}},"d3517686-a0f4-4f0f-a82e-ebe0eaf0ce63":{"type":"feature_with_icon","settings":{"text":"Bon pour toir","link":"","icon":"picto-success","icon_width":32,"background":"rgba(0,0,0,0)","text_color":"#005640","border_color":""}}},"block_order":["307d56c4-03d5-4a07-94d4-cfaaf19842cf","79218920-4ef7-4172-9e67-de69012228d3","33591a62-2369-4e1b-b697-e4f926dad088","template--16785126588656__0b1e1b7e-fca6-4b99-b1f8-b7a0c5ae4396-badges-1","template--16785126588656__0b1e1b7e-fca6-4b99-b1f8-b7a0c5ae4396-rating-1","template--16785126588656__0b1e1b7e-fca6-4b99-b1f8-b7a0c5ae4396-separator-1","template--16785126588656__0b1e1b7e-fca6-4b99-b1f8-b7a0c5ae4396-description-1","68bf5941-b074-40c9-b133-2e751825bddb","3c5d8ef6-5897-420e-8c0d-f71b74b3f616","dc2caec3-4dab-4425-b58d-49d417660f27","0b0c0586-228c-4a04-8d8e-00a79061f2af","8f98727e-675a-4fd4-83b0-3f230d5acf3c","91f74d86-a666-4676-8f26-370ed3602f49","d3517686-a0f4-4f0f-a82e-ebe0eaf0ce63"],"settings":{"product":"ensemble-complet","separate_section_with_border":true,"container_size":"lg","product_info_size":45,"center_basic_info":false,"desktop_media_layout":"carousel_thumbnails_bottom","desktop_media_grid_gap":30,"mobile_controls":"dots","enable_media_autoplay":false,"enable_video_looping":true,"enable_image_zoom":false,"max_image_zoom_level":3,"subheading":"","title":"","content":""}},"98ee1cfa-2a62-4d1f-b61d-fadc3547a5f4":{"type":"logo-list","blocks":{"template--16785126588656__98ee1cfa-2a62-4d1f-b61d-fadc3547a5f4-logo-1":{"type":"logo","settings":{"logo":"shopify:\/\/shop_images\/le-soleil.png","logo_width":250,"link":""}},"template--16785126588656__98ee1cfa-2a62-4d1f-b61d-fadc3547a5f4-logo-2":{"type":"logo","settings":{"logo":"shopify:\/\/shop_images\/Radio-Canada_02e4f9bf-bb2c-404b-861d-694b80da9069.png","logo_width":250,"link":""}},"template--16785126588656__98ee1cfa-2a62-4d1f-b61d-fadc3547a5f4-logo-3":{"type":"logo","settings":{"logo":"shopify:\/\/shop_images\/dragon.png","logo_width":250,"link":""}},"template--16785126588656__98ee1cfa-2a62-4d1f-b61d-fadc3547a5f4-logo-4":{"type":"logo","settings":{"logo":"shopify:\/\/shop_images\/media-le-devoir.png","logo_width":250,"link":""}},"template--16785126588656__98ee1cfa-2a62-4d1f-b61d-fadc3547a5f4-logo-5":{"type":"logo","settings":{"logo":"shopify:\/\/shop_images\/media-la-presse2.png","logo_width":250,"link":""}},"0cd63f2b-912f-4082-aeba-27b9e2b378ed":{"type":"logo","settings":{"logo":"shopify:\/\/shop_images\/media-journal-de-montreal_52f240a8-16e2-4059-a20b-20dce0d3fcd9.png","logo_width":250,"link":""}}},"block_order":["template--16785126588656__98ee1cfa-2a62-4d1f-b61d-fadc3547a5f4-logo-1","template--16785126588656__98ee1cfa-2a62-4d1f-b61d-fadc3547a5f4-logo-2","template--16785126588656__98ee1cfa-2a62-4d1f-b61d-fadc3547a5f4-logo-3","template--16785126588656__98ee1cfa-2a62-4d1f-b61d-fadc3547a5f4-logo-4","template--16785126588656__98ee1cfa-2a62-4d1f-b61d-fadc3547a5f4-logo-5","0cd63f2b-912f-4082-aeba-27b9e2b378ed"],"settings":{"separate_section_with_border":false,"subheading":"","title":"On se fait remarquer","items_per_row":5,"logo_item_background":"#f0a693","logo_item_border":"#e1f0df"}},"fd5cd866-2761-4906-91a2-aee40ee27cf2":{"type":"rich-text","blocks":{"template--16785126588656__fd5cd866-2761-4906-91a2-aee40ee27cf2-subheading-1":{"type":"subheading","settings":{"text":"Subheading"}},"template--16785126588656__fd5cd866-2761-4906-91a2-aee40ee27cf2-heading-1":{"type":"heading","settings":{"text":"Heading","heading_tag":"h1"}},"template--16785126588656__fd5cd866-2761-4906-91a2-aee40ee27cf2-richtext-1":{"type":"richtext","settings":{"content":"<p>Use this text to share information about your brand with your customers. Describe a product, share announcements, or welcome customers to your store.<\/p>"}},"a1baf49d-a779-4672-a231-c9f4064de504":{"type":"image","settings":{"image":"shopify:\/\/shop_images\/Untitled-2.png","width_mode":"full_width","max_width":1000,"mobile_max_width":400}}},"block_order":["template--16785126588656__fd5cd866-2761-4906-91a2-aee40ee27cf2-subheading-1","template--16785126588656__fd5cd866-2761-4906-91a2-aee40ee27cf2-heading-1","template--16785126588656__fd5cd866-2761-4906-91a2-aee40ee27cf2-richtext-1","a1baf49d-a779-4672-a231-c9f4064de504"],"settings":{"separate_section_with_border":true,"content_width":"sm","text_position":"center","remove_vertical_spacing":false}}},"order":["main","ba3d2551-42c7-4796-9af8-669ac8fca4a8","0b1e1b7e-fca6-4b99-b1f8-b7a0c5ae4396","98ee1cfa-2a62-4d1f-b61d-fadc3547a5f4","fd5cd866-2761-4906-91a2-aee40ee27cf2"]}