{"sections":{"main":{"type":"main-page","settings":{"show_title":true,"page_width":"xs"}},"cb1dc82b-6b1d-4203-a081-63524a5a69da":{"type":"image-with-text","blocks":{"template--16776674705648__cb1dc82b-6b1d-4203-a081-63524a5a69da-1689341404016b1a52-0":{"type":"subheading","settings":{"text":"Unique et mémorable"}},"template--16776674705648__cb1dc82b-6b1d-4203-a081-63524a5a69da-1689341404016b1a52-1":{"type":"heading","settings":{"text":"Cadeau corporatif spécial","heading_tag":"h2"}},"template--16776674705648__cb1dc82b-6b1d-4203-a081-63524a5a69da-1689341404016b1a52-2":{"type":"richtext","settings":{"content":"<p>Les tisanes nordiques du Canada constituent des cadeaux corporatifs uniques et mémorables. Leur origine locale, leur qualité exceptionnelle et leurs saveurs distinctives en font des présents qui se démarquent. <\/p>"}}},"block_order":["template--16776674705648__cb1dc82b-6b1d-4203-a081-63524a5a69da-1689341404016b1a52-0","template--16776674705648__cb1dc82b-6b1d-4203-a081-63524a5a69da-1689341404016b1a52-1","template--16776674705648__cb1dc82b-6b1d-4203-a081-63524a5a69da-1689341404016b1a52-2"],"settings":{"separate_section_with_border":true,"image":"shopify:\/\/shop_images\/EnsembleDecouverte-vert-web_7d9ce56e-6375-4504-8c18-47dd23f97c53.jpg","reveal_on_scroll":true,"image_position":"start","content_width":"sm","remove_vertical_spacing":true}},"a8ec8a8a-24fa-4b4d-a5cb-c51285d6400b":{"type":"image-with-text","blocks":{"template--16776674705648__a8ec8a8a-24fa-4b4d-a5cb-c51285d6400b-1689341404016b1a52-0":{"type":"subheading","settings":{"text":"Rien de comparable"}},"template--16776674705648__a8ec8a8a-24fa-4b4d-a5cb-c51285d6400b-1689341404016b1a52-1":{"type":"heading","settings":{"text":"Cadeau corporatif unique","heading_tag":"h2"}},"template--16776674705648__a8ec8a8a-24fa-4b4d-a5cb-c51285d6400b-1689341404016b1a52-2":{"type":"richtext","settings":{"content":"<p>En offrant des tisanes nordiques du Canada, vous montrez votre appréciation tout en offrant une expérience sensorielle authentique qui évoque l'esprit du pays.<\/p><p><br\/>Soigneusement emballés, ces thés sont prêts à être donnés! Ces coffrets permettent d'en apprendre d'avantange sur les richesses du terroir québécois.<\/p>"}}},"block_order":["template--16776674705648__a8ec8a8a-24fa-4b4d-a5cb-c51285d6400b-1689341404016b1a52-0","template--16776674705648__a8ec8a8a-24fa-4b4d-a5cb-c51285d6400b-1689341404016b1a52-1","template--16776674705648__a8ec8a8a-24fa-4b4d-a5cb-c51285d6400b-1689341404016b1a52-2"],"settings":{"separate_section_with_border":true,"image":"shopify:\/\/shop_images\/ME-ouvert-carre-web.jpg","reveal_on_scroll":true,"image_position":"end","content_width":"sm","remove_vertical_spacing":true}},"5e2d35a4-a340-4e10-ba56-f0937b3627a8":{"type":"image-with-text","blocks":{"template--16776674705648__5e2d35a4-a340-4e10-ba56-f0937b3627a8-1689341404016b1a52-0":{"type":"subheading","settings":{"text":"Impressionnez vos clients"}},"template--16776674705648__5e2d35a4-a340-4e10-ba56-f0937b3627a8-1689341404016b1a52-1":{"type":"heading","settings":{"text":"Une offre qui se démarque","heading_tag":"h2"}},"template--16776674705648__5e2d35a4-a340-4e10-ba56-f0937b3627a8-1689341404016b1a52-2":{"type":"richtext","settings":{"content":"<p>Les tisanes nordiques du Canada ajoutent une touche d'authenticité canadienne à vos cadeaux corporatifs. Elles mettent en valeur les richesses naturelles du pays et permettent à vos partenaires d'affaires de découvrir les saveurs uniques de la nature canadienne. <\/p><p>En choisissant des cadeaux qui célèbrent les trésors de la terre canadienne, vous créez des liens solides et mémorables avec vos clients, vos employés et vos collaborateurs.<\/p>"}}},"block_order":["template--16776674705648__5e2d35a4-a340-4e10-ba56-f0937b3627a8-1689341404016b1a52-0","template--16776674705648__5e2d35a4-a340-4e10-ba56-f0937b3627a8-1689341404016b1a52-1","template--16776674705648__5e2d35a4-a340-4e10-ba56-f0937b3627a8-1689341404016b1a52-2"],"settings":{"separate_section_with_border":true,"image":"shopify:\/\/shop_images\/The-du-Labrador_b46de8db-cb1c-4c10-95da-02e4ea2330ed.jpg","reveal_on_scroll":true,"image_position":"start","content_width":"sm","remove_vertical_spacing":true}},"561a8730-2e67-4c77-87cf-da651624bcb5":{"type":"image-with-text","blocks":{"template--16776674705648__561a8730-2e67-4c77-87cf-da651624bcb5-1689342135ca4fd1e5-0":{"type":"subheading","settings":{"text":"Pour plus d'information"}},"template--16776674705648__561a8730-2e67-4c77-87cf-da651624bcb5-1689342135ca4fd1e5-1":{"type":"heading","settings":{"text":"Contactez-nous","heading_tag":"h2"}},"template--16776674705648__561a8730-2e67-4c77-87cf-da651624bcb5-1689342135ca4fd1e5-2":{"type":"richtext","settings":{"content":"<p>Contactez nous pour découvrir comment présenter les tisanes nordiques du Canada comme cadeaux corporatifs, des idées d'emballage créatives et des conseils pour personnaliser vos cadeaux en fonction des préférences de chacun.<\/p><p><a href=\"\/pages\/nous-contacter\" title=\"Nous contacter\">Communiquez avec nous<\/a><\/p>"}}},"block_order":["template--16776674705648__561a8730-2e67-4c77-87cf-da651624bcb5-1689342135ca4fd1e5-0","template--16776674705648__561a8730-2e67-4c77-87cf-da651624bcb5-1689342135ca4fd1e5-1","template--16776674705648__561a8730-2e67-4c77-87cf-da651624bcb5-1689342135ca4fd1e5-2"],"settings":{"separate_section_with_border":true,"image":"shopify:\/\/shop_images\/9416-modifie-carre-web.jpg","reveal_on_scroll":true,"image_position":"end","content_width":"sm","remove_vertical_spacing":true}}},"order":["main","cb1dc82b-6b1d-4203-a081-63524a5a69da","a8ec8a8a-24fa-4b4d-a5cb-c51285d6400b","5e2d35a4-a340-4e10-ba56-f0937b3627a8","561a8730-2e67-4c77-87cf-da651624bcb5"]}