{"sections":{"main":{"type":"main-product","blocks":{"title":{"type":"title","settings":{"heading_tag":"h3"}},"28f0cb43-0f52-4a91-adf3-acdac26687b6":{"type":"shopify:\/\/apps\/judge-me-product-reviews\/blocks\/preview_badge\/61ccd3b1-a9f2-4160-9fe9-4fec8413e5d8","settings":{}},"7aef4db6-ab22-4863-acee-9905b4383a56":{"type":"text","settings":{"text":"<p><strong>UNIQUE. AUDACIEUX. BORÉAL.<\/strong><\/p>"}},"price":{"type":"price","settings":{"show_taxes_notice":false}},"variant_picker":{"type":"variant_picker","settings":{"hide_sold_out_variants":false,"selector_type":"block","color_selector_type":"block_swatch","size_chart_page":""}},"quantity_selector":{"type":"quantity_selector","settings":{}},"buy_buttons":{"type":"buy_buttons","settings":{"show_payment_button":false,"show_gift_card_recipient":true,"atc_button_background":"","atc_button_text_color":"","payment_button_background":"","payment_button_text_color":""}},"3eb6caa9-9cac-4542-aad6-5fc198344e8b":{"type":"offers","settings":{"stack_offers":false,"offer_1_title":"Nathalie G.","offer_1_content":"<p>\"Sans sucre ajouté, bien balancé et délicieuse!\"<\/p>","offer_2_title":"Vanessa C.","offer_2_content":"<p>\"Frais, goûteux, délicieux , surprenant dans les mixtes et saveurs mais o combien réconfortant !\"<\/p>","offer_3_title":"","offer_3_content":"","background":"","text_color":"","border_color":""}},"description":{"type":"description","settings":{"collapse_content":false,"show_below_gallery":false}},"97e888ed-00ba-4080-afbb-125746852b72":{"type":"accordion","settings":{"show_below_gallery":true,"icon":"picto-love","title":"Bienfaits","content":"{{ product.metafields.custom.benefits | metafield_tag }}","page":""}},"6e18985d-b7cc-4194-a831-56210c7c26dd":{"type":"accordion","settings":{"show_below_gallery":true,"icon":"picto-box","title":"Ce qui est inclut","content":"{{ product.metafields.custom.included | metafield_tag }}","page":""}},"40585963-1704-493f-a3d0-5b9e1d74da04":{"type":"accordion","settings":{"show_below_gallery":true,"icon":"picto-leaf","title":"Ingrédients","content":"<p>{{ product.metafields.custom.ingredients_contenu | metafield_tag }}<\/p><p>Non conseillé aux femmes enceintes et aux enfants de moins de 5 ans.<\/p>","page":""}},"92b8e794-8472-4528-8208-7cc6c8c90d1a":{"type":"accordion","settings":{"show_below_gallery":true,"icon":"picto-bottle","custom_icon":"shopify:\/\/shop_images\/Tasse.png","title":"Préparation pour une tasse","content":"","page":"preparation-pour-une-tasse"}},"c22d2ea4-78ae-49f8-90f6-5f8f42d33521":{"type":"accordion","settings":{"show_below_gallery":true,"icon":"picto-return","title":"Livraison & retour","content":"<ul><li>Livraison gratuite 65$+ (APRÈS RABAIS)<\/li><li>Livraison fixe à 11.99$<\/li><li>Préparation en 1-2 jours ouvrables<\/li><li>Livraison en 1-4 jours ouvrables<\/li><li>Nous utlilisons Poste Canada<\/li><li>Nous livrons partout dans le monde<\/li><\/ul><p><\/p><ul><li>Nous voulons que vous soyez satisfait à 100 % de vos mélanges, c'est pourquoi nous vous proposons cette promesse. Si vous n'aimez pas votre commande, faites-le nous savoir dans les 30 jours suivant la date de votre commande et nous nous assurerons de votre satisfaction.<br\/><br\/>*Les seules exclusions sont les articles et accessoires en solde\/à prix réduit ainsi que les cadeaux.<\/li><\/ul>","page":""}},"7a0d0136-86aa-49c4-b847-724fc94df338":{"type":"accordion","settings":{"show_below_gallery":true,"icon":"none","title":"Questions fréquemment posées","content":"{{ product.metafields.custom.faq | metafield_tag }}","page":""}},"1845dd3a-ebdc-4bc7-bd0e-16a10c513e69":{"type":"feature_with_icon","settings":{"text":"<strong>Sans caféine<\/strong>","link":"","icon":"picto-error","icon_width":32,"background":"rgba(0,0,0,0)","text_color":"#005640","border_color":"rgba(0,0,0,0)"}},"5e25c4dd-2b46-490a-8504-d5af6c0413f4":{"type":"feature_with_icon","settings":{"text":"<strong>Garantie de remboursement de 30 jours<\/strong>","link":"","icon":"picto-happy-face","icon_width":32,"background":"rgba(0,0,0,0)","text_color":"#0b573e","border_color":""}},"5052e8a3-390c-4654-83e6-05ab6033edf5":{"type":"feature_with_icon","settings":{"text":"<strong>Livraison gratuite en haut de 65$<\/strong>","link":"","icon":"picto-delivery-truck","icon_width":32,"background":"rgba(0,0,0,0)","text_color":"#005640","border_color":""}},"d931f85e-9af1-4a50-8478-5c89101c6ccf":{"type":"feature_with_icon","settings":{"text":"<strong>{{ product.metafields.custom.icon_text.value.texte.value }}<\/strong>","link":"{{ product.metafields.custom.icon_text.value.link.value }}","icon":"none","custom_icon":"{{ product.metafields.custom.icon_text.value.icon.value }}","icon_width":32,"background":"rgba(0,0,0,0)","text_color":"#005640","border_color":""}},"complementary_products":{"type":"complementary_products","settings":{"title":"Recommandé avec","products_count":1,"show_below_gallery":true,"stack_products":false,"show_quick_buy":true}}},"block_order":["title","28f0cb43-0f52-4a91-adf3-acdac26687b6","7aef4db6-ab22-4863-acee-9905b4383a56","price","variant_picker","quantity_selector","buy_buttons","3eb6caa9-9cac-4542-aad6-5fc198344e8b","description","97e888ed-00ba-4080-afbb-125746852b72","6e18985d-b7cc-4194-a831-56210c7c26dd","40585963-1704-493f-a3d0-5b9e1d74da04","92b8e794-8472-4528-8208-7cc6c8c90d1a","c22d2ea4-78ae-49f8-90f6-5f8f42d33521","7a0d0136-86aa-49c4-b847-724fc94df338","1845dd3a-ebdc-4bc7-bd0e-16a10c513e69","5e25c4dd-2b46-490a-8504-d5af6c0413f4","5052e8a3-390c-4654-83e6-05ab6033edf5","d931f85e-9af1-4a50-8478-5c89101c6ccf","complementary_products"],"settings":{"container_size":"lg","product_info_size":35,"show_sticky_add_to_cart":true,"center_basic_info":true,"desktop_media_layout":"carousel_thumbnails_bottom","desktop_media_grid_gap":30,"mobile_controls":"thumbnails","enable_media_autoplay":false,"enable_video_looping":true,"enable_image_zoom":false,"max_image_zoom_level":2}},"3182fa3c-9934-4507-bc47-524bb84d88ec":{"type":"scrolling-content","blocks":{"template--16745704227056__3182fa3c-9934-4507-bc47-524bb84d88ec-16837470262bf0dfee-0":{"type":"text","disabled":true,"settings":{"text":"Biologique •"}},"5a07904a-a2d4-407b-9908-08ecb62b6dab":{"type":"text","disabled":true,"settings":{"text":"Sans gluten •"}},"template--16745704227056__3182fa3c-9934-4507-bc47-524bb84d88ec-16837470262bf0dfee-1":{"type":"text","disabled":true,"settings":{"text":"Végétalien •"}},"c4c8f34a-fe52-4c91-9843-6f1db76cb255":{"type":"text","settings":{"text":"100% Naturel •"}},"efa3b2be-8cd9-49e5-8cde-9cb00d352195":{"type":"text","settings":{"text":"Sans caféine •"}},"660d1695-6a39-4b89-9735-dd8801adbbf5":{"type":"text","settings":{"text":"Récoltés à la main au Québec •"}}},"block_order":["template--16745704227056__3182fa3c-9934-4507-bc47-524bb84d88ec-16837470262bf0dfee-0","5a07904a-a2d4-407b-9908-08ecb62b6dab","template--16745704227056__3182fa3c-9934-4507-bc47-524bb84d88ec-16837470262bf0dfee-1","c4c8f34a-fe52-4c91-9843-6f1db76cb255","efa3b2be-8cd9-49e5-8cde-9cb00d352195","660d1695-6a39-4b89-9735-dd8801adbbf5"],"settings":{"separate_section_with_border":false,"scrolling_speed":0.2,"scroll_direction":"left","text_font":"heading","text_font_size_mobile":10,"text_font_size_desktop":10,"section_vertical_spacing_mobile":10,"section_vertical_spacing_desktop":10,"item_horizontal_spacing_mobile":10,"item_horizontal_spacing_desktop":10,"background":"#efc2b3","text_color":""}},"related-products":{"type":"related-products","settings":{"separate_section_with_border":true,"hide_product_information":false,"stack_products":false,"recommendations_count":10,"products_per_row_mobile":"2","products_per_row_desktop":4,"horizontal_spacing_factor":1,"vertical_spacing_factor":1,"subheading":"","title":"Tu pourrais aimer","content":""}},"f2ca204f-85f1-4e10-8da9-bfe46eb4e167":{"type":"video","disabled":true,"settings":{"autoplay":true,"show_controls":false,"video_size":"auto","external_video_url":"https:\/\/youtu.be\/IPH8kXiYEY8","text_color":"#ffffff"}},"0379e2e4-4f3a-4804-891d-72f44fb0859f":{"type":"custom-liquid","settings":{"separate_section_with_border":false,"remove_vertical_spacing":false,"remove_horizontal_spacing":false,"liquid":"<script type=\"text\/javascript\">\nvar _learnq = _learnq || [];\nfunction addedToCart() {\n  fetch(`${window.location.origin}\/cart.js`)\n  .then(res => res.clone().json().then(data => {\n    var cart = {\n      total_price: data.total_price\/100,\n      $value: data.total_price\/100,\n      total_discount: data.total_discount,\n      original_total_price: data.original_total_price\/100,\n      items: data.items\n    }\n    if (item !== 'undefined') {\n      cart = Object.assign(cart, item)\n    }\n    _learnq.push(['track', 'Added to Cart', cart])\n  }))\n} \n(function (ns, fetch) {\n  ns.fetch = function() {\n    const response = fetch.apply(this, arguments);\n    response.then(res => {\n      if (`${window.location.origin}\/cart\/add.js`\n      \t.includes(res.url)) {\n        \taddedToCart()\n      }\n    });\n    return response\n  }\n}(window, window.fetch))\n$(document).ajaxComplete(function(event, request, settings){\n  if(settings.url == \"\/cart\/add.js\"){\n      addedToCart()\n  }\n})<\/script>","text_alignment":"center"}},"d462d58a-588d-4af8-bbf4-c1e2d1143fc1":{"type":"image-with-text","blocks":{"template--16741512839408__d462d58a-588d-4af8-bbf4-c1e2d1143fc1-16826899862a9bfe40-0":{"type":"subheading","settings":{"text":"Devine quoi?"}},"template--16741512839408__d462d58a-588d-4af8-bbf4-c1e2d1143fc1-16826899862a9bfe40-1":{"type":"heading","settings":{"text":"Nos mélanges sont:","heading_tag":"h1"}},"template--16741512839408__d462d58a-588d-4af8-bbf4-c1e2d1143fc1-16826899862a9bfe40-2":{"type":"richtext","settings":{"content":"<ul><li>100% naturel<\/li><li>Sans arômes ajoutés<\/li><li>Sans sucres<\/li><li>Végétalien<\/li><li>Cétogène<\/li><li>Biologique \/ cueilli en milieu sauvage<\/li><li>Sans gluten<\/li><li>Sans théine \/ caféine<\/li><\/ul>"}}},"block_order":["template--16741512839408__d462d58a-588d-4af8-bbf4-c1e2d1143fc1-16826899862a9bfe40-0","template--16741512839408__d462d58a-588d-4af8-bbf4-c1e2d1143fc1-16826899862a9bfe40-1","template--16741512839408__d462d58a-588d-4af8-bbf4-c1e2d1143fc1-16826899862a9bfe40-2"],"settings":{"separate_section_with_border":true,"image":"shopify:\/\/shop_images\/DSC_7344-carre-web.jpg","reveal_on_scroll":true,"image_position":"start","content_width":"sm","remove_vertical_spacing":true}},"3d6c3691-664b-4e4c-bb51-08d233fe1af0":{"type":"image-with-text-block","disabled":true,"blocks":{"template--16741512839408__3d6c3691-664b-4e4c-bb51-08d233fe1af0-1682690134f9218e53-0":{"type":"subheading","settings":{"text":"Notre promesse"}},"template--16741512839408__3d6c3691-664b-4e4c-bb51-08d233fe1af0-1682690134f9218e53-1":{"type":"richtext","settings":{"content":"<p>Ingrédients cueillis à la main dans la forêt boréale<\/p>"}}},"block_order":["template--16741512839408__3d6c3691-664b-4e4c-bb51-08d233fe1af0-1682690134f9218e53-0","template--16741512839408__3d6c3691-664b-4e4c-bb51-08d233fe1af0-1682690134f9218e53-1"],"settings":{"image_size":"xs","image":"shopify:\/\/shop_images\/Gif-boreal_fae1e0cc-c11c-4dec-bbb1-0c87de87b0b2.gif","content_width":"sm","enable_parallax":true,"remove_vertical_spacing":true,"block_text_color":"","block_background":""}},"b723403e-e898-4274-bea5-74133f4443e2":{"type":"image-with-text","blocks":{"template--16741512839408__b723403e-e898-4274-bea5-74133f4443e2-16826899862a9bfe40-0":{"type":"subheading","settings":{"text":"Matière"}},"template--16741512839408__b723403e-e898-4274-bea5-74133f4443e2-16826899862a9bfe40-1":{"type":"heading","settings":{"text":"Brute et précieuse","heading_tag":"h1"}},"template--16741512839408__b723403e-e898-4274-bea5-74133f4443e2-16826899862a9bfe40-2":{"type":"richtext","settings":{"content":"<p>Des ingrédients rares provenant de nos forêts nordiques.<\/p>"}}},"block_order":["template--16741512839408__b723403e-e898-4274-bea5-74133f4443e2-16826899862a9bfe40-0","template--16741512839408__b723403e-e898-4274-bea5-74133f4443e2-16826899862a9bfe40-1","template--16741512839408__b723403e-e898-4274-bea5-74133f4443e2-16826899862a9bfe40-2"],"settings":{"separate_section_with_border":true,"image":"shopify:\/\/shop_images\/CAR05878-carre-web.jpg","reveal_on_scroll":true,"image_position":"end","content_width":"sm","remove_vertical_spacing":true}},"fc6c5921-eb1c-4916-81fc-b66c75eb7ed7":{"type":"image-with-text-overlay","blocks":{"template--16741512839408__fc6c5921-eb1c-4916-81fc-b66c75eb7ed7-16826902071a658bc3-0":{"type":"heading","settings":{"text":"Notre promesse","heading_tag":"h4"}},"template--16741512839408__fc6c5921-eb1c-4916-81fc-b66c75eb7ed7-16826902071a658bc3-1":{"type":"richtext","settings":{"content":"<p>Ingrédients cueillis à la main dans la forêt boréale<\/p>"}}},"block_order":["template--16741512839408__fc6c5921-eb1c-4916-81fc-b66c75eb7ed7-16826902071a658bc3-0","template--16741512839408__fc6c5921-eb1c-4916-81fc-b66c75eb7ed7-16826902071a658bc3-1"],"settings":{"image_size":"xs","image":"shopify:\/\/shop_images\/Gif-boreal_fae1e0cc-c11c-4dec-bbb1-0c87de87b0b2.gif","allow_transparent_header":false,"reveal_on_scroll":true,"remove_vertical_spacing":false,"content_width":"md","mobile_text_position":"place-self-center text-center","desktop_text_position":"sm:place-self-center sm:text-center","text_color":"#e1f0df","overlay_color":"#000000","overlay_opacity":15}},"1682622937a579aedf":{"type":"apps","blocks":{"8d28aae2-9ca9-48e6-a787-3e3453ea132c":{"type":"shopify:\/\/apps\/judge-me-product-reviews\/blocks\/review_widget\/61ccd3b1-a9f2-4160-9fe9-4fec8413e5d8","settings":{}}},"block_order":["8d28aae2-9ca9-48e6-a787-3e3453ea132c"],"settings":{"separate_section_with_border":true,"remove_vertical_spacing":false,"remove_horizontal_spacing":false}}},"order":["main","3182fa3c-9934-4507-bc47-524bb84d88ec","related-products","f2ca204f-85f1-4e10-8da9-bfe46eb4e167","0379e2e4-4f3a-4804-891d-72f44fb0859f","d462d58a-588d-4af8-bbf4-c1e2d1143fc1","3d6c3691-664b-4e4c-bb51-08d233fe1af0","b723403e-e898-4274-bea5-74133f4443e2","fc6c5921-eb1c-4916-81fc-b66c75eb7ed7","1682622937a579aedf"]}